Metric	Peak Scaling	OffPeak Scaling
Cases	1.03859	1.051153
Deaths	1.064986	1.068007
Positivity	1.025074	1.030326